Drugi Dillestone,Bartelt,52308,Bentar Girang
Amery Maffucci,Straubel,7727,Votuporanga
Morgen Tribble,Homewood,270,Ninghai
Elinor Roblett,Veith,91,Sadabe
Kearney Achurch,Sommers,155,Hantara
Thorin Sarle,Quincy,7288,Budapest
Jacquelynn Barroux,Bartelt,4,Sarāvān
Rollo Loudon,Elgar,251,Canaries
Troy Server,Nelson,96,Baojia
Abrahan Davis,Talmadge,7961,Pallisa
Frank Scini,Sunbrook,4118,Bierawa
Kennedy Whebell,Morningstar,51,Sinop
Sandie Hansed,Hauk,57605,Guanting
Rahal Keld,Brown,90,Suizhou
Mariele Willwood,Transport,149,Amphawa
Margareta Derrett,Magdeline,053,Molugan
Renell Hegley,Logan,75681,Karanlukh
Danila Jaycocks,Mccormick,24085,Bojong
Pia Gerrets,Reinke,738,Stockholm
Gregoire Merrikin,Comanche,277,Kachia
Gray Dell Casa,Commercial,3,Monte Alegre
Mar Longforth,Stoughton,49431,Suyo
Hurlee Hiland,Messerschmidt,11,Hošťka
Josefa McKinley,Judy,42,Bilohirs’k
Chantal Wickendon,Superior,9,Kavála
Elsinore Piris,Erie,5,Beidu
Brett Eddisforth,Sycamore,92,Gaoqiao
Wright Pellamonuten,Laurel,6,Wuyang
Sharai McLaughlan,Magdeline,5470,Yŏnggwang-ŭp
Rebekah Pitbladdo,Loeprich,8544,Providence
Elvira Grubbe,Fisk,0,Longford
Andros Hardison,Debra,9111,Sonder
Aida Lamberti,Sutherland,4271,Krajan Baru
Jen Fagg,Lindbergh,4,Dongfeng
Lyell Beall,Scott,21371,Uppsala
Jaclin Chaimson,Superior,2903,Krasnogorsk
Tyler Phillot,High Crossing,5862,Tokyo
Sibylla Lillie,Cody,2,Goshogawara
Harper Pehrsson,Eliot,7,Niebylec
Dicky Longhorn,Arapahoe,8,Vänersborg
Tammy Learned,Gina,4817,Zduńska Wola
Gaylor Lohering,Lakewood Gardens,48,Templeogue
Lorrin Glowacki,Little Fleur,13,Al Bāriqīyah
Eolanda Ewins,Mallory,86115,Tamianglayang
Gabriele Drayton,Beilfuss,5,Akat Amnuai
Akim Blunt,Anderson,79925,Salaberry-de-Valleyfield
Bria Frichley,Village,36000,Demerval Lobão
Meris Taphouse,Stephen,8,Talanga
Andriette Fry,Thompson,9,Wawer
Gris Leckenby,Northwestern,26905,Bachok
Norah Gonsalo,Main,165,Aco
Estell Parkin,Lakeland,9292,Privas
Lee Brobyn,Gulseth,84049,Ulashan
Johnathon Deplacido,Rieder,1122,Pelabuhanratu
Edmund Pomeroy,Marcy,7,Breia
Celka Marcussen,Melrose,3331,Uppsala
Annice Effaunt,Johnson,838,Situsari
Emmit Klemensiewicz,Hoard,522,Donggaocun
Binky Shellsheere,Bultman,79,Veiga
Sharia Picardo,Novick,0006,Żarki
Annmaria Trengrouse,Hudson,9,Gamping Lor
Melesa Drance,Oneill,62,Porsgrunn
Ulises Selwood,East,60,Duyure
Kermy Kirvell,International,7,Thomassique
Gav Garstang,Hoffman,78124,Żarki-Letnisko
Wenda Myott,West,6,Dayuan
Marijn Breen,Riverside,6,Noshiro
Brander Lanchester,Moland,1,Acacías
Justis Norkett,Quincy,2,La Loma
Kanya Dielhenn,Melody,6275,Takahata
Fayre Pettis,Susan,939,Flers
Pru Nigh,Harper,68186,Tayu
Alicia Sallows,Shasta,104,Pateh Sam
Mata Sutheran,Messerschmidt,779,Thepharak
Henry Bowmen,Clove,440,San Salvador
Jammal Oldknowe,Columbus,217,Aoji-ri
Mayor Boyford,Kenwood,49,San José de Jáchal
Elene Keeney,Knutson,05584,Padurung
Lemuel Goldbourn,Swallow,81639,El Carmen
Brendan Claesens,Huxley,8,Mendi
Vick Oldland,Rutledge,123,Xinzhou
Zed Ickovic,Texas,8,Heiheba
Lucina Corner,Bunting,97,San Isidro
Giorgio Clue,Stoughton,20,Carcassonne
Valenka Oldcote,Scoville,98,Majiao
Morgana Lyosik,Schiller,38817,Amor
Zeb Godlonton,Annamark,56,Flores da Cunha
Darwin Eyer,Dayton,72736,Negara
Taddeo Bramelt,Hauk,51727,Na Klang
Madison Sneezem,Reindahl,8215,Chaoyang
Nappie Renyard,Bowman,2982,Trebisht-Muçinë
Major Tappor,Clove,91919,Opatowiec
Ester Keedy,Manufacturers,9666,Tsapêraī
Byrle Hucker,Kipling,3,Laç
Cam Powling,Jenifer,984,Petropavlovskaya
Kanya Grinston,Larry,75454,Karang Kulon
Mattheus Onion,Lerdahl,1,Podolí
Moshe Anning,Russell,7,Calabaca
Ruthie Driver,Washington,509,Srubec
Barclay Gansbuhler,Raven,7,Thị Trấn Trùng Khánh
Paige Gluyas,Meadow Valley,05,Shuangwang
Melissa Chitson,Hayes,95,Canjulao
Lock Dransfield,Pearson,0135,Jāti
Tandy Grzelak,Golden Leaf,56,Blois
Saul Steuhlmeyer,Arizona,46,Las Trojes
Barris Rexworthy,Burning Wood,84345,Moss
Kean Pochet,Shelley,4388,Mantampay
Gherardo Dairton,Everett,0200,Ishinomaki
Pebrook Ranken,Prentice,954,Żabnica
Roland Elsop,Macpherson,3,Lucma
Claudine Dommett,Elmside,10,Domont
Sterne Hounsome,Sloan,65,San Isidro
Bailie Gage,Paget,53,Dầu Tiếng
Liana Feechan,Bultman,7304,San Francisco de Coray
Madeline Harlock,Sullivan,6364,Duki
Myrlene Yanin,Independence,8881,Kramsk
Melony Abbiss,Almo,46,Alice
Alicea Jerzykiewicz,Namekagon,5035,Yahotyn
Lucine Royds,Armistice,115,Fuchūchō
Amelia Symington,Vidon,87,Īlām
Ryun Beefon,Melby,94,Sungaiduri
Theo Gandley,Park Meadow,80,Quchi
Francois Janman,Straubel,70751,Antopal’
Wanda Matteotti,Judy,4505,Agusan
Ashil Pagon,Fisk,9409,Tours
Melody McKag,Village,63237,Jaroměřice nad Rokytnou
Chrystel Weddup,Columbus,33,Tours
Albertine Weyland,Vernon,6,Wabana
Fleur Cluer,Rutledge,73493,Novyy Urgal
Tamqrah Pontefract,Ilene,191,Tangtuzhui
Cathyleen Lynock,Burrows,4509,Iradan
Berty Marjoram,Anniversary,7513,Seseng
Cullin Batchellor,Jana,49,El Crucero
Phil Gennerich,Caliangt,9,Ramada
Donna Milham,Norway Maple,71,Calangain
Alphard Golley,Quincy,9,Itajaí
Winnah Bister,Hollow Ridge,7,Xicheng
Langston Terran,Summit,2,Dallas
Ambrosi Syrad,Riverside,5,Kuanchuan
Rina Foldes,Southridge,7512,Haikou
Coralyn Ahearne,Anzinger,600,Port-de-Paix
Don Parmiter,Vahlen,68831,Ponte da Pedra
Simonne Harnetty,Independence,88,Dongqinggou
Ruperta Tonkinson,Oak Valley,23999,Huangjingba
Matt Snoden,Morningstar,08644,Horodnytsya
Onfre Van Baaren,Grim,54056,Salinggara
Berkeley Lesurf,Farmco,746,Banyo
Roma MacHarg,Maple,667,Sai’erlong Xiang
Hal Dissman,Morning,4099,Zambujal
Gwen Grover,Grim,29,Kobe
Annaliese Burchall,Orin,1,Shāhīn Dezh
Sioux Hue,Gerald,2,Xieqiao
Con Pideon,Alpine,73,Xindian
Lindon O'Cannavan,Bonner,61929,Santo Tomás
Fifi Wardale,Burning Wood,0283,Charlestown
Harriet Labdon,Raven,5,Chư Ty
Lemmie McGarrell,Moose,728,Xitianwei
Enos Goburn,East,02529,Vsevolozhsk
Wini Ferneley,Kropf,1839,Sanli
Lacie Crinage,Fairfield,673,Miřetice
Demetra Blood,Graedel,04,Shīrvān
Susann Doran,Sycamore,64,Tatrang
Georgeanne Andreaccio,Anzinger,5,Solnechnyy
Osmond Dadds,Red Cloud,1,Alpedrinha
Victor Duffin,Dwight,366,Obispos
Gerhard Stanex,Hoard,368,Västerås
Josie Shaughnessy,Farwell,09235,Svenljunga
Yorker Dunkerk,Golf,75,Payaman
Babette Chazier,Grayhawk,74,Mlangali
Shaylyn Trembey,Forster,6,Jiaoshanhe
Missie Simcox,Northview,80,Muskegon
Dael Camble,Bluestem,61,Huliao
Ambrosi Dunderdale,Carioca,35,Fangtang
Kerstin Plaunch,Sherman,6578,Grajaú
Pen Preston,East,595,Arrah
Cathee Giovannacci,Bashford,93,Voznesen’ye
Caritta O'Cuddie,Menomonie,2,Banjar Brahmanabukit
Grayce Fetherston,Eagle Crest,93330,Luyang
Lucky Czajkowski,Garrison,0,Karafao
Mano Colgan,Norway Maple,213,Coyah
Garth Jaray,Fuller,9,Tongtuan
Joceline Gail,Dayton,9,Wolin
Merilee Medling,Northridge,49431,Kongjiang
Koren Jennings,Fulton,69864,Krasnyy Oktyabr’
Bibbye Calladine,Granby,6037,Peukanbada
Alaster Albarez,Thierer,96348,Maliq
Matty Farlow,Pawling,689,Mont-Saint-Aignan
Melony Kellock,Katie,70,Bolilao
Andy Chessil,Basil,956,Ilare
Cally Steinhammer,Shasta,25455,Damanhūr
Inglebert Gianetti,Sauthoff,67,Vyerkhnyadzvinsk
Jorgan Fearick,Blackbird,5,Orlando
Teador Stelle,Florence,4,København
Donetta Pettyfer,Harbort,93389,Jingu
Ninette de Clerc,Delladonna,3,Kurzętnik
Tiphanie Bagehot,Trailsway,52894,Portland
Benton Linacre,Ruskin,3662,Dugcal
Carola Chaplyn,Express,6,Korostyshiv
Judy Castro,Grover,68867,Mayma
Bren Kirkham,Blackbird,7,Terong
Derril Emby,Oakridge,0,Bitung
Salvidor Rosbotham,Porter,1,Shali
Yasmeen O'Halligan,Hansons,9284,Hněvotín
Brant Hymus,Hagan,31,Monroe
Milt Ripsher,Commercial,4925,Curug
Redd Farryann,5th,08092,Memaliaj
Vivyan Brosius,Loftsgordon,0350,Arsen’yev
Dore Sumpner,Holy Cross,132,Kajiado
Jeanie Farington,Springs,5380,Jenang Selatan
Kaye McCrae,Arkansas,216,Traiguén
Gary Maylard,Old Shore,4499,Şabrātah
Clyde Entwisle,Vidon,6004,Kizhinga
Nelie Seefus,Walton,4384,Surkhet
Eugen Decruse,Eliot,3,Ban Takhun
Dorrie Casemore,Nancy,13894,Tutem
Thorpe Dewdney,Sage,412,Mixco
Ginelle Beach,Comanche,63,Acas
Krystle Quincey,Merry,3,Socorro
Rodney Silley,Kropf,6,Bāgh-e Malek
Maisie Cadwallader,Westridge,0815,San José de Cusmapa
Heriberto Andres,Carberry,0,Ryjewo
Lisbeth Rothery,Myrtle,9,Batanovtsi
Netti Timberlake,Blaine,46904,Złotoryja
Chrissie Tew,Elgar,1576,San Miguel del Padrón
Adoree Breslin,Anhalt,19,Lingquan
Ber Hallows,Claremont,26,Sakai
Lulu Danilenko,Barnett,96142,Sumqayıt
Lucina Le-Good,Jana,95,Abaetetuba
Coralyn Boldry,Spaight,4007,Munse
Casie Gabbatt,Cambridge,634,Wongka
Lark O'Hagirtie,Almo,69,Shi’ao
Sholom Ormrod,Katie,64783,Yongchang
Lelia Bulford,Basil,30509,Fershampenuaz
Dyann Fell,Waxwing,582,Pickering
Braden Allmann,Artisan,7,Merapit
Hussein Habbershon,Old Shore,26493,Nglengkong
Ainsley Brabham,Burrows,19,Kertosari
Audie Marquiss,Vernon,54401,‘Aşīrah ash Shamālīyah
Sawyere Brando,Gulseth,8,Belle-Anse
Hildy Hatherall,Paget,6,Abeokuta
Frannie McGrale,Vahlen,68,La Roxas
Antonetta Hammerberg,Dottie,8967,Longguang
Elke DelaField,Shelley,9,Orleans
Vita Glanders,Little Fleur,4,Puerto Princesa
Kissee Pacht,Dovetail,62,Paris 14
Renate Ribbens,Burning Wood,29142,Shizuoka-shi
Ferdinanda Halfhead,Texas,585,Maria
Francisca Iorio,Toban,85,Kalangsari
Anselm MacCahee,Arizona,8,Santa Rosa
Abagael Drivers,Dennis,768,Gitega
Chaunce Fantone,Melvin,52,Asan-Maina Village
Maible Breadmore,Bunting,88746,Tambaksari
Rozanne Landy,Dahle,7916,Kunwi
Ingar Griffoen,Farragut,7,Guanli
Dino Buckenham,Arizona,16287,Dingjiayao
Bartlet Palombi,John Wall,90,Taksimo
Sargent Sharkey,Acker,042,Madara
Sianna Driscoll,Darwin,769,Huangshi
Eleonora Bristo,Shoshone,8,Khenifra
Juieta Tramel,Melvin,258,Mora
Bucky MacAnespie,Mesta,45,Indianapolis
Charlton Gwillim,Upham,9,Iradan
Bertina Baldick,Atwood,943,Gongdao
Elton Detoc,West,78847,Sztum
Barrie Ariss,Moland,6783,Sarāb
Baily Hambribe,Farwell,3,Wushan
Harmony Ansteys,Helena,10980,Tracal
Vladamir Le Teve,Loftsgordon,2,Diré
Andi Bendig,Novick,5,Micheng
Matthieu Pruckner,New Castle,8576,Savski Venac
Leanna Shoebridge,Muir,34,Aizkraukle
Nerte Sigars,Dapin,9,Virginia Beach
Mabel Collelton,Schurz,06,Paiisa
Etienne Lequeux,Quincy,2239,Le Chambon-Feugerolles
Livvy Bozward,Oneill,5,Longbo
Lilah Shallow,Merchant,6,Donja Dubica
Ferdinande Murton,Holmberg,46,Loughrea
Hercule Sherville,Warbler,39909,Princeville
Shea Bevis,Linden,73,Zhangbei
Fraser McMyler,Village,38565,Caetité
Debera Vokes,Lawn,0231,Bojongsarung
Krissy Melior,Anthes,01995,Xiaoyang
Harriot Challace,Boyd,133,Marseille
Fanya Trinkwon,Comanche,559,Ishigaki
Quinta Goodbarr,Mcbride,855,Bang Bua Thong
Ellary Kilalea,Dakota,38021,Sujitan
Stephana Jandera,Clarendon,13934,Kungur
Wyndham Passo,Ohio,24,Chenfangji
Kendell Ramberg,Bobwhite,6,Bordeaux
Libbi Widdocks,Vera,281,Xinzhou
Corry Grunder,Hayes,20,Tadianjie
Sylvan Goodlett,Glacier Hill,9567,Diébougou
Trueman Gooderick,Chive,463,Abades
Melesa Vlasin,Mandrake,281,Budapest
Adelice Rummin,Meadow Valley,6085,Huashu
Ariana Wickling,Sugar,1,Krolevets’
August Weatherell,Kenwood,2207,Ubrub
Dyna Haitlie,Gina,6,Nonghe
Emory Biskupski,Thackeray,90,Quinta do Sobrado
Rowen Favel,Shelley,040,Dobratice
Hinda Goosnell,Mitchell,4,Sorang
Cinderella Benech,Sutteridge,563,Phú Khương
Ema Waterman,Crownhardt,3100,Izumi
Lucas Skamal,Twin Pines,420,Oslo
Bill Ritter,Lakeland,6,Qinhe
Clareta McClifferty,Briar Crest,96538,Pyhäjoki
Colly Chevers,Havey,3,Sidi Qacem
Chanda Rihanek,Montana,128,Furong
Mariam Hazart,Waxwing,014,Golčův Jeníkov
Wallis Witham,Forest,32,Amiens
Jeanne Peepall,Memorial,1,Clodomira
Hanson Petric,High Crossing,6,Kayan Hulu
Addie Franssen,Knutson,310,Vrangel’
Dianemarie Jelphs,John Wall,711,Sibut
Luce Holdworth,Shoshone,692,Panganiban
Vladimir Eagling,Main,478,Massy
Vittoria Trowell,Iowa,6,Tsivil’sk
Griswold Bartzen,Weeping Birch,78,Gangbian
Clotilda Hawe,Golf View,1,Sumbersarikrajan
Gauthier Rackstraw,Derek,6565,København
Robinetta Farncombe,Arrowood,92,Dearborn
Manya McMurraya,Talmadge,39,Santiago Nonualco
Gary Nanninini,Columbus,9,Huanan
Camala Cattroll,Lotheville,31457,Emporeío
Jasmin Swaite,Melody,447,Huji
Winny Uebel,Blue Bill Park,81,Manghit
Gizela Hearnaman,Sachs,59,Mayang
Osbert Hewson,Fieldstone,0,Tô Hạp
Elsworth Pembery,New Castle,16,Henggang
Ivie Reyna,Sunfield,1,Svetlyy Yar
Sibyl Klageman,Ruskin,82,Tassin-la-Demi-Lune
Aldrich Teresa,Nova,7549,Casimiro de Abreu
Page Pallasch,Graceland,4,Inanwatan
Caron Eagles,Anthes,560,Bizana
Heda Pendleton,Loomis,8,Paris 13
Clarabelle Dionisetto,Bunting,51870,Ban Phan Don
Baxy Pawelec,Spohn,2526,Veiros
Raeann Crowley,Stephen,21,Casais de Revelhos
Arte MacCurtain,Daystar,52956,Kuznetsovs’k
Tessa Churchlow,Northwestern,495,Rashaant
Hilary Tilmouth,Tomscot,8,Agogo
Catina Pritchard,Logan,734,Lelystad
Helga Boddam,Melby,65,Potosí
Dalia Persitt,Anniversary,32,Sagarejo
Rebecka Lippi,Mariners Cove,5,Shatoujiao
Robb Rickson,Bowman,2407,Penedo
Joy Lockhart,Raven,5,Kedungtulup
Daron Dowtry,Elgar,19937,Kremenets’
Christoforo Rumsey,Scofield,3746,Badajoz
Rhody Setford,Esch,8322,Jiaocun
Colas MacHoste,Lotheville,01215,Nykvarn
Amory Elvins,Northfield,617,Enhtal
Wat Danbrook,Butterfield,431,Nickby
Artie Gleaves,West,576,Solosolo
Viva Kaasmann,Hoffman,89,Yidu
Marilin Andrioni,Cordelia,9,Kopychyntsi
Aubry MacBey,Ronald Regan,68,Mayanhe
Conny Jovey,Anderson,0,Jasaan
Essy Klaassens,Porter,27813,Yeghegnut
Dasie Tilston,Marcy,2309,Quimbaya
Barbey Haberfield,Lakewood,5,Yuyue
Allis Zarb,Stoughton,78695,Ekimchan
Corie Siviour,Chive,873,Gayamsari
Gerrie Jennaway,David,34293,Igpit
Isak Leppo,Kenwood,54,Guiwu
Cyril Queenborough,Golf View,48,Nakhodka
Linoel Yakob,Iowa,3,Karanganyar
Otto Ghirigori,Declaration,0218,Masipi West
Yancey Sissons,Harbort,7,Mirões
Barris Borges,Mallard,2390,Pingling
Byram Wiburn,High Crossing,7,Kafr Zaytā
Manda Isham,Sachtjen,49085,Santiago
Marven Sillars,Nelson,5917,Chengtou
Gawen Cosson,Hagan,2,Thio
Alfi De Benedetti,Hoepker,3603,Quetta
Linoel Canas,Morrow,88,Hengjie
Adrian Brighouse,Darwin,05,Makarska
Heidie Stannering,Goodland,29523,Pengulu
Chic Lotherington,Northwestern,3245,Lakshmīpur
Garrek Bound,Montana,62,Longmen
Dorelle Sexstone,Village,44,Zagórów
Onfre Hasselby,American,05,Whitehorse
Theodora Boshere,Huxley,66930,Fkih Ben Salah
Yoshiko Sirmond,Mendota,319,Kyprínos
Jack Gollin,Redwing,55530,Ningdun
Eberto Brockman,Prairie Rose,22,Boa Vista
Nicol Glanton,Logan,75,Balakhninskiy
Mariel Halladey,Hansons,61874,Jambuwerkrajan
Violette Oda,Kedzie,16346,Xiaojia
Perice Chittem,Sloan,45661,Pamiers
Schuyler Francioli,Brentwood,33,Gwangtan
Caryl Tidey,Havey,7672,Albina
Nerty Neylan,Becker,9588,N’dalatando
Ashby O'Collopy,Forest,80,Hato Mayor del Rey
Dorella Sclanders,Bellgrove,44,Duncans
Bendick Folliss,Mifflin,9940,Asembagus
Robinet Cluelow,Bunker Hill,584,Tcholliré
Ethan Benzies,Dexter,48508,Mitrofanovka
Salvidor De Antoni,Esker,68,Usa River
Guthrey Samsonsen,Basil,906,Saint-Dié-des-Vosges
Sol Mallebone,Summerview,0,Pilníkov
Gare Sweetmore,Hayes,740,Ban Ratsada
Olin Hagyard,Bashford,0,Moyynkum
Kaja Yukhnini,Mcguire,310,Swinford
Freddie Renzini,Crowley,353,Al Muwayh
Jorry Cosgry,Village,986,Sayansk
Katrinka Heavyside,Valley Edge,3,Paris La Défense
Jim Mullender,Artisan,545,Nueva Gerona
Read Rayner,Kensington,1260,Pledo
Erl Hartill,Bartillon,274,Pisangkemeng
Myrvyn Zellick,Dovetail,0471,Chang’an
Jeddy Walthall,Continental,4,Cuozheqiangma
Clemmie Buncombe,Buell,4,As Suwaydā’
Ash Sybe,Stone Corner,72451,Akhmīm
Dianne Lowman,Sutherland,03,Linan
Rosmunda Measen,Kedzie,09103,Vinha
Jacinta Duffitt,Garrison,2,Paitan Norte
Carver Gainfort,High Crossing,98,Sanom
Sephira Tillerton,Toban,3,Lanling
Corrine Sacker,Amoth,742,Keleleng
Alexei Sodory,Farragut,494,Quy Đạt
Lars Hindmore,Riverside,4,Ketara
Krishnah Keach,Northridge,81,Jincun
Frans Christal,Bunting,8191,Pires do Rio
Dolley Naylor,Delaware,12,Lerum
Olwen Scragg,Sunfield,92,Sade
Sherlocke Hembry,Linden,957,Pecatu
Gran Bessey,Lakewood Gardens,14105,Jingpeng
Lexis Skipton,Fisk,08425,Yongjiang
Kaila Honsch,Rusk,407,Budenovetc
Kristin Derobert,Merry,62,Katakwi
Sergei Pettus,Union,1435,Bechyně
Doretta Meltetal,Lyons,90,Kożuchów
Melany Skipsey,Fremont,9,Campo Mourão
Malinde Yatman,Buell,0195,Qinghaihu
Cece Hanning,Commercial,5,Jenang Selatan
Hannah Mattacks,Sutteridge,9,Astghadzor
Dorine Morritt,Pepper Wood,95733,Dabu
Gwenore Bown,Ridge Oak,9,Vallenar
Aurlie Novello,Westport,7863,Parion
Andrus Ardy,Sommers,5,Mechrá Belqsiri
Fairlie Dochon,Sullivan,1,Pueblo Nuevo
Barny Clineck,Myrtle,71,Bājitpur
Mordecai Bullan,Old Shore,4,Kopparberg
Bram Nickell,Steensland,54265,As Suqaylibīyah
Fraze McKnockiter,Nancy,19967,Xinxu
Waverly Alderson,Macpherson,46,Domaradz
Virginie Haverty,Eagan,2,Buffalo
Kaylil Orable,Cherokee,5772,Czarne
Ulric Habbergham,Northfield,395,Arlöv
Juanita Frood,John Wall,546,Vera
Max Izod,5th,39059,Malveira
Dominick Blunsom,Redwing,022,Burlatskoye
Baudoin Clardge,Meadow Valley,6,Břasy
Jerry Lavrinov,Oak,777,Wudui
Idelle Curl,Dawn,5,Bairros
Josy Schistl,Hudson,1725,Žďár nad Sázavou Druhy
Querida Egger,Roth,8,Ruukki
Arabel Smeaton,School,6,Huanghuatan
Etta Lovering,Manley,7,Dongxing
Gertrude Haywood,3rd,02570,Xiongbei
Gerard de Vaen,Morrow,811,Viana do Alentejo
Mireielle Crichley,Old Shore,039,As Salţ
Melita Bog,Jana,719,Sangiang
Benedetta Le Friec,Kipling,0618,Kurikka
Zea Coton,Lotheville,16832,Hollywood
Neda Graysmark,Sunfield,3,Dondo
Curran Whisby,Center,3,Mazra‘at Bayt Jinn
Kylie Newlove,Farragut,46,Cuyotenango
Fredric Uttley,Randy,0,Szprotawa
Jere Game,Myrtle,0043,Niandou
Kare Knott,Sommers,4,Wendo
Lacie Le Lievre,West,649,Vila Viçosa
Antin Mellmer,Beilfuss,0939,Strizhi
Natka Ickov,Everett,3850,Kulary
Roby Telega,Lindbergh,899,Port Nolloth
Kelly Condell,Utah,258,Ríohacha
Naomi Farenden,Crest Line,9811,Yermolayevo
Crysta Relph,Hudson,05331,Göteborg
Brockie Hallan,Vermont,877,Tumbes
Upton Ruecastle,Bobwhite,3076,Buurhakaba
Luise Emlin,Washington,6,Cilongkrang
Karlie Gaudin,Eagle Crest,6423,Mendes
Alane Brignell,Colorado,429,Konstantynów Łódzki
Kelley Grainge,Sheridan,96122,Meget
Daron Willment,Fair Oaks,90,Georgiyevsk
Jody Imlacke,Namekagon,56337,Alfenas
Marius Kabos,Prentice,2480,Venâncio Aires
Georgie Blankley,Mesta,43390,Vale de Figueira
Wyn Schenkel,Grim,4568,San Francisco
Shawn Bax,Hermina,63039,Cabay
Wald Matieu,Eggendart,376,Linjiang
Bird Gatfield,Ruskin,9,Camino Real
Jacobo Chaffe,Dakota,8,Želetava
Helenelizabeth Di Biasi,Fair Oaks,962,Nahrīn
Gregoor Joris,Charing Cross,458,Xilin Hot
Westley Jorgesen,Mayfield,790,Sychëvo
Caroline Taill,Hauk,7,Vienna
Wynnie Vesco,Chive,01035,Kaset Wisai
Jeremias Kobiera,Kim,47211,Sadovo
Hermia Blower,Crowley,81,Nanterre
Rodrick Yukhnin,Lindbergh,062,Corgo
Fletcher Wermerling,Stang,59,Urjala
Deck Lickess,Holmberg,19,Jianghu
Shea Dunnet,Stone Corner,99812,Naguilian
Joannes Jennemann,Granby,743,Passal
Daile Yeardsley,Hoffman,7555,San Antonio
Keary Ferriday,Eagle Crest,4,Sukaraja
Zelig Moston,Upham,21994,Niort
Ekaterina Dearth,Loomis,36,Cheongpyeong
Alwin Smallcombe,Beilfuss,21,Třebíč
Cobby Bowser,Express,8,San Juan de la Maguana
Susy Wyche,Mccormick,603,Kuleqi
Stacee Yusupov,Hoffman,05,Belawang
Ermin Caen,Coolidge,98,Sulak
Ty Kirman,Fairview,85995,Santa Catalina
Flossy Jeandin,Forest Run,4274,Bantay
Merlina Munden,Meadow Ridge,909,Sadang Kulon
Adriana Roskruge,Red Cloud,8311,Akashi
Ryun Gricewood,Fieldstone,73669,Matou
Cary Handley,Oakridge,233,Strogino
Cordelia Tume,Green,77,San Francisco
Leah Queripel,Forster,8,Aguilares
Jacenta Everard,Westerfield,74,Firminy
Dru Galego,Pepper Wood,468,Monrovia
Bettine Kubacek,Monterey,0,El Obeid
Ernaline Granleese,Park Meadow,388,Pavlodol’skaya
Juliette Clegg,Fallview,45126,Piojó
Vonny Blaszkiewicz,Lyons,486,Qiping
Homere MacHoste,Memorial,62624,Sayaxché
Donnamarie Shorbrook,Starling,88513,Koblain
Selma Hackly,Towne,6,Eauripik
Myrtia Desantis,Hudson,0,Iquique
Hollyanne McClifferty,Thierer,413,Xinhuang
Almire Medgwick,5th,857,La Charité-sur-Loire
Natalee Bennet,Roth,2,Ilek
Stella Dunwoody,Ridgeway,39,San Cristobal
Pavel Giovanetti,Loftsgordon,610,Tabu
Viola Turville,Oak Valley,436,Gotputuk
Phillipe Twort,Spohn,89081,Arari
Olga Dalman,Jana,9,Zhouzai
Jason Loomes,Luster,00147,Kosonsoy Shahri
Candace Chilvers,Drewry,282,Komga
Juliane Sidworth,Hoepker,69832,Antiguo Cuscatlán
Ernst Mordaunt,Lake View,46,Bambali
Philly Tibbetts,Rusk,108,Chartres
Fin Strothers,Rockefeller,5,Kuala Lumpur
Isidor Bonnell,Grasskamp,336,Sumbuya
Cori Charnock,Macpherson,95,Sangari
Coralie Meagh,Sundown,2261,Ludu
Wini Penney,Scott,84200,Barcin
Anny MacCarter,Lighthouse Bay,7,Nezhinka
Lee Salkeld,Vidon,9,Curvelo
Dyann Goede,Scott,74,Nanjing
Cheston Friese,Hoepker,8,Towa
Eden Jorin,Anniversary,7,Purificación
Inna Strickland,Bobwhite,261,Kuwayris Sharqī
Val Weblin,Tennyson,8,Talzemt
Joanne Howlin,Magdeline,47166,Tumba
Sunny Birckmann,Debs,8,Carpiquet
Farrell Swancock,Carioca,5,Pawitan
Doralynne Simants,Beilfuss,47,Bor Tungge
Kimbra Neath,Warrior,811,Krzyżanowice
Kenna Hadgraft,Stoughton,9,Bambous Virieux
Brigit Pulbrook,Sutteridge,07999,Romba
Jandy Hamnet,Kennedy,1,East Migpulao
Alexandra Wrightem,Waywood,673,Kumla
Moyra Dybell,Vahlen,351,Mujães
Brandais Matuszak,Hagan,274,Buinsk
Lavina Ludwikiewicz,Declaration,48,Benjamin Constant
Agna Byford,Roth,2,Stockholm
Cherri Rubinchik,Claremont,6585,Orange
Angeli Cutbirth,Hintze,10,Bayuwan
Errick Bulley,Calypso,397,Polloc
Frayda Brocklebank,Butternut,8030,Guayatá
Gerrilee Treadger,Sauthoff,5,Libochovice
Susanna Mizzi,Grayhawk,35,Jiujie
Delora Spier,Grover,13,Antimácheia
Naoma Hanham,Holmberg,1639,Sidonganti
Algernon Flinn,Monument,7970,Beylagan
Ursola Cahill,Service,82171,Atlanta
Ema Andrat,Rockefeller,11498,Lagoa
Anica Pawels,Rutledge,66961,Belalcazar
Archibold Jameson,Dawn,85,Johanneshov
Ric Node,Lyons,2867,Firminy
Jelene O'Hear,Cascade,4917,Ngujuran
Lynea Colmore,Myrtle,774,Jagistay
Rhiamon Franciotti,Judy,3400,Ust’-Labinsk
Chandal MacPharlain,Chive,9650,Jiangfang
Cyrill Creamer,Bluejay,193,Benevides
Blair Batty,Hooker,8949,Dazhongzhuang
Nealson Loyd,Northland,43,Asamboka
Rainer Corradetti,American,4,Shicha
Wood Iapico,Eliot,5015,Sampit
Rosita Dabney,4th,10,Frederico Westphalen
Darill Bullen,Service,3,Litein
Electra Cunde,Bay,0,Choya
Sayers Hawse,Milwaukee,80,Paço
Glenda Hedde,Main,3,Dongshui
Wayland Eddington,Paget,411,Amado Nervo
Berne Lamp,Washington,18121,Binubusan
Artemis Jefferd,Nova,48378,Paleran
Dionisio Smallthwaite,Sloan,9,Colesberg
Boot Pointin,Pond,566,Mae Sot
Lanna Apps,8th,42348,Madison
Glenden Kuhnke,Fieldstone,7,Phù Cát
Quintilla Govett,Gulseth,82,Espinheira
Alameda Nisby,Drewry,6,Sagasa
Tynan Ferrero,Pankratz,89,Taoyuan
Daniel Nesbit,Mendota,7698,Ivry-sur-Seine
Samuel Gillespey,Monterey,313,Koroyo
Ricard Leddie,Talisman,009,Kronoby
Flinn Elwood,Delladonna,81119,Wola Jachowa
Mabel Steggals,Londonderry,9308,Yamazakichō-nakabirose
Patsy Skarr,Maple,07,Lancaster
Gaspard Isaksson,Bultman,9221,Karjalohja
Emery Beinke,Northport,22,Tambawel
Jo-anne Jakubiak,Hoard,737,Yanfolila
Audrey Peery,Loftsgordon,329,Krajan Karangsari
Lynnea Bullingham,Hanover,91630,Cibeuti
Bartlett Lampen,Leroy,6630,Sambongmulyo
Ches Toomey,Magdeline,65505,Nanyang
Rosalind Chessel,Rockefeller,1,Larreynaga
Joni Kapelhof,Grasskamp,209,Kondangrege
Lissy Bohey,Lake View,24127,Komenda
Loreen Yoxall,Melody,52425,Baimiao
Jannelle Bonnick,Delaware,1262,Vilarinho das Cambas
Holli Iwanicki,Dwight,51,Górzno
Salim Petchey,Banding,845,Lawa-an
Emlyn Regina,Lighthouse Bay,56106,Licupis
Zak Dudny,Esker,44,Igrim
Broderick MacCaughey,Jackson,937,Haiyangsuo
Hew Giovanardi,American Ash,78894,Fruitvale
Rivalee Dutteridge,Dexter,94,Santa Eulalia
Sigmund Nestle,Logan,465,Svecha
Claudelle Necolds,Sugar,543,Springfield
Hillel Ayto,Hudson,93,Arroyito
Caprice Leversuch,Namekagon,331,Santa Maria do Souto
Denys Denham,Fordem,9,Korenovsk
Hobard Winram,Straubel,62976,Anbyŏn-ŭp
Kimmy Baume,Scoville,4834,Medellín
Francisco Petyakov,Golf,58006,La Esperanza
Ariadne Hayworth,Bunker Hill,7562,Anliang
Ariadne Kohnemann,Scofield,893,Citangtu Kaler
Lowell Horwell,Gulseth,857,Shajing
Tamas Shoebotham,Lakeland,3168,Ārt Khwājah
Mildrid Nizet,Spaight,0201,Shankeng
Corney Shearsby,Merrick,7,Mahaddayweyne
Merrily Easum,Norway Maple,6,Klevan’
Dagmar Frankton,Northport,82820,Hecheng
Chelsea Semark,Southridge,8830,Santiago del Torno
Othella Pearman,Sutherland,7756,Santa Cruz De Tenerife
Roseanne Stubbins,Melby,28486,Tebingtinggi
Warde Jakaway,Donald,6,Guantánamo
Klarika Sorley,Burning Wood,46,Chiquimulilla
Rafael Rosebotham,Eagan,5055,Kosai-shi
Avram Spini,Corben,3,Dajin
Ashia Musk,Leroy,310,Mancilang
Kevin Elegood,Rutledge,8932,Claveria
Hebert Barrs,Pennsylvania,78,Hongshan
Harriette Awcock,Spohn,16,Bissorã
Carmita Jakucewicz,Atwood,5623,Ziniaré
Almeda Cowcha,Melody,5,Dazuo
Cayla Malloch,Kensington,597,Omoa
Charita Pearcey,Loeprich,82,Xiaba
Ernie Scapelhorn,Harper,598,Uwajima
Reinaldos Burner,West,44,Guardizela
Pru Naismith,Hoffman,8,Zunilito
Norine Nice,Portage,58969,Biyan
Lavena Caron,Cardinal,2,Prozor
Sigmund Hamshaw,Swallow,0048,Xixiang
Norry Fallawe,Union,61353,Tovačov
Welch Ribeiro,Summer Ridge,5,Kengyuan
Colas Yielding,Clemons,98,Anmore
Allison Jiggens,Scofield,5235,Naurskaya
Oralla Peidro,Butterfield,50237,Changting
Consuelo Bonaire,Brentwood,5,Villa Lugano
Starlin Troughton,Cascade,71474,Waterbury
Jarrod Motten,Washington,7435,Ścinawa
Bartie Storr,Briar Crest,87,Daban
Caesar Kenford,Judy,2783,Cachón
Rochell Filipychev,Beilfuss,9826,Malilipot
Richmond O'Feeney,Loftsgordon,97,Soanierana Ivongo
Annabal Seyler,Logan,5731,Deh-e Now
Arron Worcs,Green,75432,Tournon-sur-Rhône
Pavel Oade,Burrows,84,Kunheda Woerzu Manzu
Devora Paddemore,Fisk,9685,Ibaraki
Gery Lubbock,Memorial,94750,Kermānshāh
Tabatha Bracknall,Comanche,2,Dubovka
Dianemarie Barttrum,Pepper Wood,4,Santo Antônio de Pádua
Skipp Wilflinger,Elmside,97,Huaikan
Quintana MacAlpin,Troy,68488,Ciladaeun
Reynold Canto,Scoville,83,Sernur
Jarrod Berresford,Rutledge,34656,Xiamazhuang
Timothy Severy,Talmadge,55,Rungis
Angel Crankhorn,Golf Course,364,Bánov
Joyan Firminger,Di Loreto,1215,Conceição da Feira
Karil Barsam,Talisman,7718,Princeton
Gayla Grubb,Kedzie,9589,Karanggeneng
Jameson Hartford,Longview,602,Delvinë
Ardelia Molesworth,Monument,41,Vostryakovo
Marietta Vasquez,Eastwood,43,Anadia
Marquita Milhench,Anzinger,6631,Khuzhir
Nancey Woodroofe,Springs,494,Santiago
Hilda Davydkov,Morningstar,62348,Jardim da Serra
Darcy Gopsell,Carpenter,5853,Mutis
Kris Zanutti,Fairfield,5778,Emmaboda
Willem Gillcrist,Summit,8,Vila Franca
Nell Plain,Di Loreto,72562,Fentange
Elijah Fall,Westend,6,Waishan
Cathy Alford,Laurel,76040,Daulatpur
Bryn Yakov,Comanche,1,Ciparasi
Constantia Steel,Buell,091,Cipicung Timur
Samantha Roth,Commercial,916,Catu
Caddric Rowling,Rusk,043,Petrovskaya
Leigh Cardenosa,Walton,31,Nilanapo
Ashla Dounbare,Straubel,687,Llacanora
Lonnie Dawe,Randy,46007,Biscucuy
Mae Wheowall,Anzinger,79446,Armamar
Genni Smieton,Darwin,40,Al Jarrāḩī
Siward Wickson,Cascade,870,Carepa
Clemmie Chevins,Glendale,7,Shijiang
Torrie Rolph,Boyd,72866,Binuangeun
Leroy Inch,Harper,2,Bagiktinggang
Amber Gidney,7th,43,Porirua
Louis Owtram,Memorial,39442,Growong Lor
Dulcie Pickless,Dawn,09,El Cacao
Leta Matas,Grayhawk,4642,Isiolo
Jamal Kalinowsky,Oriole,51692,Khuean Ubonrat
Weber McConway,4th,23783,Toledo
Brana Cisland,Loftsgordon,9,Kedungtaman
Olwen Espinas,Holy Cross,02,Kezilei
Napoleon Wickman,Pierstorff,1,Stanisław Górny
Klarrisa Lawtey,Sugar,40,Puyang
Brandy Beckham,Independence,5,El Retiro
Blake Hodgins,Maple,9198,Magumeri
Loni Bezarra,Commercial,9,Mahīn
Avril Lynagh,North,62004,Ferreiros
Angelina Sineath,Maple Wood,7303,Lututów
Anett Grene,Knutson,740,Braunschweig
Zachary Henstone,Fairfield,996,Banjar Pekandelan
Brucie Shier,Hudson,97,Dulian
Cassaundra Vaneschi,Hoard,09198,Padaimut
Vivien Asmus,Lunder,5,Sukhirin
Grenville Clifford,Old Shore,34,Wangda
Susana Van,Northfield,628,Chemnitz
Jackie Yeudall,Texas,03291,Pompéu
Jillane Atte-Stone,Loftsgordon,79,Arīḩā
Melita Warde,Truax,10470,Brinkmann
Don Fernandes,Maple Wood,84614,Prince Edward
Carolyn Gillbard,Ohio,21100,Hucun
Timmy Ewin,Mayer,57,Tayasan
Shauna Screase,Waywood,50315,Yuhe
Tommy Turville,Elka,53190,Jiaotang
Winfred MacIver,Monica,7,Krebet
Elene Olanda,Tennyson,75078,Mueang Nonthaburi
Tessy Minney,Mesta,1,Lucapa
Millie Macek,Saint Paul,1079,Nakhon Chai Si
Doralyn Caldecutt,Vahlen,735,Hulan
Isaiah McMillan,Macpherson,12,Lucerna
Antoni Tottman,Surrey,55,Carigara
Jacques Orringe,Bartelt,53915,Ustrzyki Dolne
Tammy Otterwell,Sugar,1,Chiconi
Sloan Kibbye,Hoard,92,Kembé
Inesita Meadus,Bultman,48443,Shiling
Marvin Nyland,High Crossing,8841,Guiglo
Travis Slidders,Dakota,02,Wotan
Sybilla Boggers,Elka,5,Radekhiv
Ansell Conyers,Monterey,166,Ar Raqqah
Xavier Churcher,Nelson,32481,Quillo
Brantley Croston,Maywood,5,Kanye
Timmie Etchells,Clarendon,734,Loboniki
Leola Casperri,Butternut,70067,Muang Sing
Michele Parradice,Scofield,88083,Richard-Toll
Cthrine Porcas,Scofield,32,Vinica
Micah Sunman,Village Green,0159,Kochevo
Em Drewell,Tony,74,Lümeng
Tamma Erickson,Kropf,97432,Kasakh
Grata Stubbert,Hagan,7212,Vladivostok
Alli Augustine,Sage,556,Vynohradove
Fey Gilliver,Farmco,52,Yangzhen
Happy Speke,Petterle,524,Dushu
Nessy Jakubiak,Sachs,83,Capinzal
Ashlen Lillicrap,Ruskin,43,Ban Na
Tamarah Hayzer,Ruskin,6272,Maticmatic
Sinclare Lacroix,Hazelcrest,0,Campos do Jordão
Arda Farren,Holmberg,73094,Zvezdara
Steffi Thominga,American Ash,8,Parelhas
Farlee Cheale,Mccormick,3,El Peñol
Titus MacGillivrie,Buena Vista,9,Siewierz
Clayton Mortimer,Miller,79088,Bilalang
Tomkin Afonso,Coleman,2927,Longping
Shepard Orritt,Fremont,73934,Hongguang
Charley Arrault,Heffernan,4,Guanghou
Beatrix Bowlas,North,6,Shāhdādkot
Celinda Perschke,Weeping Birch,21,Majan
Brita Aust,Sutteridge,33314,Červená Voda
Hiram Kienzle,High Crossing,1338,Cruz
Delcine D'Alessio,Montana,114,Wangqu
Germaine Aizikowitz,Victoria,861,Jeleuk
Caz Danieli,Blue Bill Park,906,Saint Lucia
Griffy Cuttell,Schlimgen,84458,Vaitogi
Steffi Coite,Kennedy,62,Kálymnos
Dacie Danilyuk,Laurel,94767,Odienné
Clio Gillespey,Brickson Park,27,Dresden
Denis Burdekin,Kinsman,39104,Lashio
Tallulah Clowser,Fulton,2,Zamora
Winne Diehn,Manley,04,Paris 02
Harv Willgoss,Bunker Hill,8132,Putrajawa
Alistair Latek,Schurz,0767,Pashkovskiy
Latisha Beament,Dexter,9294,Longvic
Van Arson,Toban,975,Amsterdam Nieuw West
Chad Double,Hoepker,7,São José de Ribamar
Valentina Ladds,Talisman,98,Karanggeneng
Rosamund Salla,High Crossing,496,Fujia
Audy Legonidec,Old Gate,0095,Lyasny
Alfy Prevett,Walton,57,Saga-shi
Kathe Flukes,Green,10294,Normanton
Konstanze McJerrow,West,9442,Kraaifontein
Jaime Linfoot,Forster,194,Huanghuai
Andrew Elsom,Pennsylvania,86,Paquera
Stormy Wilkison,Mockingbird,313,Kabalen
Bambi Dawks,Golf,7,Xiayang
Heather Mozzini,Becker,1078,Pinheiro Machado
Meara Troy,Grayhawk,8580,Tonoas Municipal Building
Antonina Cromblehome,Warbler,998,Nijmegen
Brion Trevett,Hollow Ridge,6,Changtang
Der Welbrock,Armistice,1,Yangiqo‘rg‘on
Buffy Smithers,Troy,8,Tiaong
Teriann Batterbee,Westend,4411,Kaliuling
Neilla Sheepy,Florence,69,Cikuya
Zerk Crellin,Little Fleur,208,Grigoropolisskaya
Francoise Kingsnod,Golf View,7803,Koumra
Nicko Braban,Loomis,675,Machakos
Shelby Broadey,Buena Vista,881,Ryazanskiy
Mireielle Benge,Brickson Park,47,Simpangpasir
Brien Natt,Monterey,63611,Apóstoles
Wait Robertelli,Moulton,5,Areguá
Avril Longridge,Ramsey,92300,Huilong
Ilyssa Waldrum,Straubel,2552,Wenjī
Adrianna Smylie,Division,42053,Selebi-Phikwe
Maurine Greensall,Dwight,51,Matina
Filip Rubbert,Blackbird,07021,Zhangcheng
Aguste Stenbridge,Corry,399,Samashki
Ruggiero Whyte,Carioca,1916,Kapsan-ŭp
Sammy Loveitt,Esker,5,El Paso
Vic Ireland,Briar Crest,2486,Loreto
Keslie Bentame,Homewood,7,Yuta
Glynis Kerton,3rd,47364,Borisovka
Ericha Swaddle,Clarendon,7128,Meiktila
Tull Klug,Kedzie,774,Kwidzyn
Delphine Giles,Scott,119,Qarah Bāgh Bāzār
Brandi Chilver,Ramsey,1559,Ngulakan
Eddy Littlepage,Buena Vista,8,Loma Bonita
Davina Whatman,Forster,0880,Höshigiyn-Ar
Freeland Desbrow,Lawn,6,Adolfo Lopez Mateos
Marika Crichley,Troy,3,Winschoten
Pattie Clue,Stang,8850,Jayune
Van Whayman,Corry,2643,Nahrīn
Georgette Hassey,International,7171,Hitachi
Carroll Tenman,Ridgeway,73,Jahrom
Zita Catling,Bobwhite,97691,Silihe
Court Grinaugh,Fremont,8,Allen
Nerti Olesen,Florence,5,Lubbock
Gare Passey,Nelson,545,Abuko
Ina Dendle,Armistice,464,Ronov nad Doubravou
Dimitri Mc Meekin,Reinke,2,Jinan
Hunt Ilive,2nd,96,Bagikkedok Lauk
Aluin Durand,Ridgeview,7086,Puerto Rico
Lorraine Endrighi,Bonner,9,Malakwal City
Vikky Browett,Maple,144,San Cristóbal
Nichole Duprey,Fairfield,24,Iḩsim
Burlie Brunon,West,52,Renfengzhuang
Brooke Courtes,Tennyson,60180,Davila
Ardelis McClifferty,Cascade,654,Adani
Osborne Muzzullo,Cascade,72472,Gobang
Rand Trainer,Calypso,780,Velykyy Burluk
Winna Mogridge,Aberg,93,Maoping
Marielle Hens,Union,39,Mbaïki
Raynor Lissandri,Drewry,1425,Taiping
Ethelred Mannooch,Helena,268,Sedinginan
Susannah Pluthero,Packers,0,Kostrovo
Beverlee Uzelli,Utah,5191,Byala
Luz Syms,Nova,63026,Trollhättan
Roselia Richardet,La Follette,5,Vindeln
Hilly Sincock,Warner,7,Xiashihao
Madge Aharoni,Macpherson,810,Nancy
Vilhelmina Berzins,Washington,06,Machachi
Doris Scotland,Mesta,6,Tešanj
Randie Learoyde,David,0393,Viļaka
Fleurette Mansford,Fuller,4575,Samadua
Benedikt Friett,Buell,5,Borino
Mercie Mathiot,Steensland,1,Sattahip
Johnath Scrivenor,Hoffman,25887,Zhougang
Fayina Sturges,Homewood,982,Gereshk
Lammond Bachman,Magdeline,743,Vinces
Hale Lethem,Anderson,47977,Petare
Priscilla Pinhorn,Kropf,763,Charlemagne
Opal Towersey,Anzinger,65,Luka nad Jihlavou
Aubrie Stivey,Sugar,190,Vyborg
Clio Brookzie,Bluejay,8,Partille
Maridel Yatman,Nobel,3,Asunción
Buffy Heisman,Stoughton,029,Guaranésia
Zedekiah Aymerich,Derek,60485,Al Qanāwiş
Darrick Goodoune,Little Fleur,858,Vaitogi
Anna-diana Cockling,Pawling,9,New York City
Gay Ortiger,Towne,1,Vathýlakkos
Shelton Rigmand,Reindahl,49992,Liuhuang
Madalena Mayoh,Lakeland,9,Bąków
Dante Canham,Pankratz,7,Chernyshevsk
Brooks Poad,Leroy,054,Kodyma
Luis Blythin,Sundown,07,Parreira
Dexter Pirkis,Northridge,2780,Uusikaupunki
Sid Cuseick,Carberry,80323,Antigonish
Pepe Coleford,Kipling,2,Rîbniţa
Hilly Swiffin,Chive,6,Łazy
Guglielmo Josephson,Sommers,1,Irati
Derwin Asplin,Rowland,911,Muhos
Darbee Ovid,Independence,05006,Nerchinsk
Livvy McEwan,Pankratz,72,Diamantino
Raddie Bernardeau,Oneill,06,Tecka
Carlie Hillin,Mesta,276,Villavicencio
Dyann Cruddas,Hanson,0068,Vallauris
Christi Sketh,Little Fleur,3,Ånge
Selestina Uden,Raven,3,Emiliano Zapata
Terrel Flavelle,1st,4,Rokoy
Colin Luckhurst,Continental,23549,Awgu
Stanley Gayter,6th,9,Agboville
Wallis Machent,Tomscot,0,Zhashkiv
Edee Geikie,Ridge Oak,04137,Ziyang
Muire Di Boldi,Redwing,66546,Mendez-Nuñez
Retha Tuffield,Valley Edge,2,Šenčur
Jennette McKeating,Dexter,1212,Gal’bshtadt
Margaux Aslen,Hoffman,523,Bitobe
Olwen Baggallay,Clyde Gallagher,8675,Banjar Sandinggianyar
Jeffie Churchard,Bayside,34848,Rudnichnyy
Fawnia Ksandra,Melby,3,Jingling
Burk Zeal,Mallory,45,Roudnice nad Labem
Lynnea Paal,Utah,78,Aricagua
Carny Yorkston,Dixon,1182,Malaḩ
Granger Licciardo,Milwaukee,6973,Liusi
Torey Poppy,Towne,776,Tanshi
Shandra Camerana,Sage,486,Nueva Requena
Ricoriki Fallon,Dwight,25974,Lajeado
Shane Turnell,Drewry,3597,Laguna Salada
Umberto Suart,Barby,429,Uyutne
Taffy Kielt,Northport,3,Rosmaninhal
Filmer Smickle,Anthes,1407,Caluire-et-Cuire
Maighdiln Tregent,Oakridge,78961,Palmdale
Malva Common,Towne,10705,Novyye Gorki
Rois Legh,Grayhawk,7,Ayolas
Elise Draycott,Graceland,0,Paine
Kerry Swaisland,Dryden,97571,Salantai
Lynnea Thorburn,Montana,06,Dongyu
Barbra Jouen,Jenna,15700,Bantian
Mohandis Coraini,Bluejay,52,Baru Timur
Culley Cheevers,Twin Pines,183,Hengelo
Alejandrina Dye,Prairieview,8,Punta Hermosa
Roanne Foystone,Stoughton,90,Campos
Granville Shilliday,Pankratz,2294,Sindangjawa
Milka Wenban,Melby,82901,Midleton
Rodi Mongeot,Old Shore,0,Piasek
Danya Armistead,Schlimgen,45916,Canutama
Dorolisa Yabsley,Green Ridge,621,Bandar-e ‘Asalūyeh
Anica Dripps,Meadow Valley,453,Haugesund
Frasquito Whyard,David,1,Stockholm
Almira Caplan,Anthes,83,Pandan
Sheryl Philliphs,Towne,61797,Puerto Deseado
Emalee Braune,Thierer,0278,San José de Miranda
Krystalle Goulston,Messerschmidt,424,Nuevitas
Clementine Saphin,Fairfield,14,Horní Jiřetín
Lynea Osgodby,Onsgard,48580,Dal’nerechensk
Darby Kelsow,Darwin,35,Kargowa
Conny Iglesias,Declaration,0530,Ngulung Wetan
Alia Imlen,Utah,6,Nevinnomyssk
Isabelle Leaning,Katie,7800,Barão de Cocais
Marie D' Angelo,Sheridan,576,Twardawa
Sully Baude,Fisk,7,Rochester
Niki Jezard,Messerschmidt,03379,Santa Brigida
Minne Newlin,Coleman,9744,Paris 19
Hollis Cicullo,Vera,9831,Mairinque
Melicent Vesco,South,2988,Berlin
Chandal Mathonnet,Cody,09313,Mtubatuba
Letti Beadle,Pine View,1204,Wieniawa
Robbie Calcutt,Tennessee,7649,Bakhmach
Ivory Fountaine,Northfield,9532,Fresno
Grata Morphet,East,343,Pandaan
Clive Aulton,Mccormick,632,Yeysk
Loren Loren,Mallard,800,Buenavista
Liz Grastye,Bonner,30,Luba
Syman Prichet,Cottonwood,652,Palca
Jacki Edelman,Declaration,4385,Suishan
Myrilla Szapiro,Vermont,8735,Gujba
Udale Antuk,John Wall,07,Tajimi
Bradan Swapp,Orin,80366,Quimperlé
Alysa Honywill,Dawn,10936,Lijiang
Duff Parradye,Kedzie,6274,Dingzhai
Towny Gricewood,Commercial,923,Camden
Chadd Parade,Westerfield,12506,El Fahs
Elie Geroldi,Village,4521,Kedungwringin Satu
